INSERT INTO Movies (MovieName, MovieDescription, MovieDuration, MovieImg) VALUES
('The Great Adventure', 'A thrilling journey through uncharted lands.', 120, 'https://t3.ftcdn.net/jpg/00/77/60/98/360_F_77609841_pzTmGoonZAYWQYSKBkoxp26Kr0LT8lln.jpg'),
('Romance in Bloom', 'A touching love story set in the countryside.', 95, 'https://t3.ftcdn.net/jpg/00/77/60/98/360_F_77609841_pzTmGoonZAYWQYSKBkoxp26Kr0LT8lln.jpg'),
('Galactic Battle', 'An epic space war between rival factions.', 145, 'https://t3.ftcdn.net/jpg/00/77/60/98/360_F_77609841_pzTmGoonZAYWQYSKBkoxp26Kr0LT8lln.jpg'),
('Mystery Manor', 'A detective uncovers secrets in an old mansion.', 110, 'https://t3.ftcdn.net/jpg/00/77/60/98/360_F_77609841_pzTmGoonZAYWQYSKBkoxp26Kr0LT8lln.jpg'),
('City Lights', 'A drama about life in a bustling metropolis.', 130, 'https://t3.ftcdn.net/jpg/00/77/60/98/360_F_77609841_pzTmGoonZAYWQYSKBkoxp26Kr0LT8lln.jpg'),
('Underwater Quest', 'A marine biologist explores ocean mysteries.', 115, 'https://t3.ftcdn.net/jpg/00/77/60/98/360_F_77609841_pzTmGoonZAYWQYSKBkoxp26Kr0LT8lln.jpg'),
('Time Loop', 'A man relives the same day over and over.', 100, 'https://t3.ftcdn.net/jpg/00/77/60/98/360_F_77609841_pzTmGoonZAYWQYSKBkoxp26Kr0LT8lln.jpg'),
('Desert Storm', 'Survivors trek across a post-apocalyptic desert.', 140, 'https://t3.ftcdn.net/jpg/00/77/60/98/360_F_77609841_pzTmGoonZAYWQYSKBkoxp26Kr0LT8lln.jpg'),
('Haunted Hills', 'Teenagers encounter ghosts on a camping trip.', 105, 'https://t3.ftcdn.net/jpg/00/77/60/98/360_F_77609841_pzTmGoonZAYWQYSKBkoxp26Kr0LT8lln.jpg'),
('Cyber Hunt', 'A hacker races against time to stop a virus.', 125, 'https://t3.ftcdn.net/jpg/00/77/60/98/360_F_77609841_pzTmGoonZAYWQYSKBkoxp26Kr0LT8lln.jpg'),
('Final Stand', 'Warriors make a last stand against invaders.', 135, 'https://t3.ftcdn.net/jpg/00/77/60/98/360_F_77609841_pzTmGoonZAYWQYSKBkoxp26Kr0LT8lln.jpg'),
('Love Beyond Time', 'Lovers meet across different eras.', 118, 'https://t3.ftcdn.net/jpg/00/77/60/98/360_F_77609841_pzTmGoonZAYWQYSKBkoxp26Kr0LT8lln.jpg'),
('The Chef''s Table', 'A chef finds inspiration in unexpected places.', 97, 'https://t3.ftcdn.net/jpg/00/77/60/98/360_F_77609841_pzTmGoonZAYWQYSKBkoxp26Kr0LT8lln.jpg'),
('Wild Skies', 'Pilots navigate danger during wartime.', 123, 'https://t3.ftcdn.net/jpg/00/77/60/98/360_F_77609841_pzTmGoonZAYWQYSKBkoxp26Kr0LT8lln.jpg'),
('Neon Dreams', 'A young musician chases fame in the city.', 101, 'https://t3.ftcdn.net/jpg/00/77/60/98/360_F_77609841_pzTmGoonZAYWQYSKBkoxp26Kr0LT8lln.jpg'),
('Frozen Earth', 'Scientists struggle to survive an ice age.', 132, 'https://t3.ftcdn.net/jpg/00/77/60/98/360_F_77609841_pzTmGoonZAYWQYSKBkoxp26Kr0LT8lln.jpg'),
('Crimson Tide', 'Submarine crew faces a deadly standoff.', 122, 'https://t3.ftcdn.net/jpg/00/77/60/98/360_F_77609841_pzTmGoonZAYWQYSKBkoxp26Kr0LT8lln.jpg'),
('Jungle Whisper', 'A zoologist unravels a mystery in the Amazon.', 107, 'https://t3.ftcdn.net/jpg/00/77/60/98/360_F_77609841_pzTmGoonZAYWQYSKBkoxp26Kr0LT8lln.jpg'),
('Silent Code', 'A spy loses his voice and must still complete his mission.', 119, 'https://t3.ftcdn.net/jpg/00/77/60/98/360_F_77609841_pzTmGoonZAYWQYSKBkoxp26Kr0LT8lln.jpg'),
('Black Horizon', 'Astronauts face doom near a black hole.', 137, 'https://t3.ftcdn.net/jpg/00/77/60/98/360_F_77609841_pzTmGoonZAYWQYSKBkoxp26Kr0LT8lln.jpg');


INSERT INTO Screenings (ScreeningStartTime, ScreeningLocation, MovieId, RoomId) VALUES
('2025-05-03 10:00:00', 'szoba3', 1, 3),
('2025-05-03 11:00:00', 'szoba3', 2, 3),
('2025-05-03 12:00:00', 'szoba1', 3, 1),
('2025-05-03 13:00:00', 'szoba2', 4, 2),
('2025-05-03 14:00:00', 'szoba2', 5, 2),
('2025-05-03 15:00:00', 'szoba3', 6, 3),
('2025-05-03 16:00:00', 'szoba1', 7, 1),
('2025-05-03 17:00:00', 'szoba4', 8, 4),
('2025-05-03 18:00:00', 'szoba2', 9, 2),
('2025-05-03 19:00:00', 'szoba3', 10, 3),
('2025-05-03 20:00:00', 'szoba2', 11, 2),
('2025-05-03 21:00:00', 'szoba2', 12, 2),
('2025-05-03 22:00:00', 'szoba2', 13, 2),
('2025-05-03 23:00:00', 'szoba4', 14, 4),
('2025-05-04 00:00:00', 'szoba1', 15, 1),
('2025-05-04 01:00:00', 'szoba4', 16, 4),
('2025-05-04 02:00:00', 'szoba1', 17, 1),
('2025-05-04 03:00:00', 'szoba4', 18, 4),
('2025-05-04 04:00:00', 'szoba1', 19, 1),
('2025-05-04 05:00:00', 'szoba2', 20, 2),
('2025-05-04 06:00:00', 'szoba4', 21, 4),
('2025-05-04 07:00:00', 'szoba3', 22, 3),
('2025-05-04 08:00:00', 'szoba3', 23, 3),
('2025-05-04 09:00:00', 'szoba4', 24, 4),
('2025-05-04 10:00:00', 'szoba3', 25, 3),
('2025-05-04 11:00:00', 'szoba4', 26, 4),
('2025-05-04 12:00:00', 'szoba4', 27, 4),
('2025-05-04 13:00:00', 'szoba1', 28, 1),
('2025-05-04 14:00:00', 'szoba3', 29, 3),
('2025-05-04 15:00:00', 'szoba4', 30, 4),
('2025-05-04 16:00:00', 'szoba4', 1, 4),
('2025-05-04 17:00:00', 'szoba1', 2, 1),
('2025-05-04 18:00:00', 'szoba1', 3, 1),
('2025-05-04 19:00:00', 'szoba3', 4, 3),
('2025-05-04 20:00:00', 'szoba3', 5, 3),
('2025-05-04 21:00:00', 'szoba3', 6, 3),
('2025-05-04 22:00:00', 'szoba1', 7, 1),
('2025-05-04 23:00:00', 'szoba1', 8, 1),
('2025-05-05 00:00:00', 'szoba3', 9, 3),
('2025-05-05 01:00:00', 'szoba2', 10, 2),
('2025-05-05 02:00:00', 'szoba2', 11, 2),
('2025-05-05 03:00:00', 'szoba2', 12, 2),
('2025-05-05 04:00:00', 'szoba2', 13, 2),
('2025-05-05 05:00:00', 'szoba2', 14, 2),
('2025-05-05 06:00:00', 'szoba3', 15, 3),
('2025-05-05 07:00:00', 'szoba1', 16, 1),
('2025-05-05 08:00:00', 'szoba1', 17, 1),
('2025-05-05 09:00:00', 'szoba1', 18, 1),
('2025-05-05 10:00:00', 'szoba3', 19, 3),
('2025-05-05 11:00:00', 'szoba1', 20, 1),
('2025-05-05 12:00:00', 'szoba4', 21, 4),
('2025-05-05 13:00:00', 'szoba2', 22, 2),
('2025-05-05 14:00:00', 'szoba4', 23, 4),
('2025-05-05 15:00:00', 'szoba4', 24, 4),
('2025-05-05 16:00:00', 'szoba4', 25, 4),
('2025-05-05 17:00:00', 'szoba1', 26, 1),
('2025-05-05 18:00:00', 'szoba4', 27, 4),
('2025-05-05 19:00:00', 'szoba3', 28, 3),
('2025-05-05 20:00:00', 'szoba2', 29, 2),
('2025-05-05 21:00:00', 'szoba4', 30, 4),
('2025-05-05 22:00:00', 'szoba1', 1, 1),
('2025-05-05 23:00:00', 'szoba1', 2, 1),
('2025-05-06 00:00:00', 'szoba3', 3, 3),
('2025-05-06 01:00:00', 'szoba1', 4, 1),
('2025-05-06 02:00:00', 'szoba2', 5, 2),
('2025-05-06 03:00:00', 'szoba2', 6, 2),
('2025-05-06 04:00:00', 'szoba2', 7, 2),
('2025-05-06 05:00:00', 'szoba4', 8, 4),
('2025-05-06 06:00:00', 'szoba4', 9, 4),
('2025-05-06 07:00:00', 'szoba4', 10, 4),
('2025-05-06 08:00:00', 'szoba1', 11, 1),
('2025-05-06 09:00:00', 'szoba4', 12, 4),
('2025-05-06 10:00:00', 'szoba1', 13, 1),
('2025-05-06 11:00:00', 'szoba1', 14, 1),
('2025-05-06 12:00:00', 'szoba4', 15, 4),
('2025-05-06 13:00:00', 'szoba3', 16, 3),
('2025-05-06 14:00:00', 'szoba4', 17, 4),
('2025-05-06 15:00:00', 'szoba3', 18, 3),
('2025-05-06 16:00:00', 'szoba2', 19, 2),
('2025-05-06 17:00:00', 'szoba3', 20, 3),
('2025-05-06 18:00:00', 'szoba2', 21, 2),
('2025-05-06 19:00:00', 'szoba2', 22, 2),
('2025-05-06 20:00:00', 'szoba2', 23, 2),
('2025-05-06 21:00:00', 'szoba3', 24, 3),
('2025-05-06 22:00:00', 'szoba1', 25, 1),
('2025-05-06 23:00:00', 'szoba1', 26, 1),
('2025-05-07 00:00:00', 'szoba1', 27, 1),
('2025-05-07 01:00:00', 'szoba3', 28, 3),
('2025-05-07 02:00:00', 'szoba4', 29, 4),
('2025-05-07 03:00:00', 'szoba4', 30, 4),
('2025-05-07 04:00:00', 'szoba4', 1, 4),
('2025-05-07 05:00:00', 'szoba1', 2, 1),
('2025-05-07 06:00:00', 'szoba3', 3, 3),
('2025-05-07 07:00:00', 'szoba3', 4, 3),
('2025-05-07 08:00:00', 'szoba2', 5, 2),
('2025-05-07 09:00:00', 'szoba4', 6, 4),
('2025-05-07 10:00:00', 'szoba2', 7, 2),
('2025-05-07 11:00:00', 'szoba4', 8, 4),
('2025-05-07 12:00:00', 'szoba1', 9, 1),
('2025-05-07 13:00:00', 'szoba2', 10, 2),
('2025-05-07 14:00:00', 'szoba3', 11, 3),
('2025-05-07 15:00:00', 'szoba3', 12, 3),
('2025-05-07 16:00:00', 'szoba3', 13, 3),
('2025-05-07 17:00:00', 'szoba2', 14, 2),
('2025-05-07 18:00:00', 'szoba4', 15, 4),
('2025-05-07 19:00:00', 'szoba1', 16, 1),
('2025-05-07 20:00:00', 'szoba4', 17, 4),
('2025-05-07 21:00:00', 'szoba2', 18, 2),
('2025-05-07 22:00:00', 'szoba2', 19, 2),
('2025-05-07 23:00:00', 'szoba4', 20, 4),
('2025-05-08 00:00:00', 'szoba4', 21, 4),
('2025-05-08 01:00:00', 'szoba1', 22, 1),
('2025-05-08 02:00:00', 'szoba3', 23, 3),
('2025-05-08 03:00:00', 'szoba2', 24, 2),
('2025-05-08 04:00:00', 'szoba1', 25, 1),
('2025-05-08 05:00:00', 'szoba1', 26, 1),
('2025-05-08 06:00:00', 'szoba3', 27, 3),
('2025-05-08 07:00:00', 'szoba2', 28, 2),
('2025-05-08 08:00:00', 'szoba2', 29, 2),
('2025-05-08 09:00:00', 'szoba2', 30, 2);

SET	IDENTITY_INSERT Rooms on;

INSERT INTO Rooms (Id)
VALUES	(1),
		(2),
		(3),
		(4)

SET IDENTITY_INSERT Rooms off

INSERT INTO Roles (PermaId, RoleName) VALUES
('1', 'Adminisztrátor'),
('2', 'Regisztrált felhasználó');

INSERT INTO Users (Username, PasswordHash, Name, Email, Phone, RoleId) VALUES
('admin', 'Cisco12345', 'Admin Felhasználó', 'admin@example.com', '123456789', 1),
('user01', 'class12345', 'példa1', 'bela@example.com', '123456779', 2),
('user02', 'class12345', 'másik példa', 'anna@example.com', '123456788', 2);

SELECT * FROM Screenings